t_s,tenant,latency_ms,service_ms,qdepth,warmup
0.331,t1_resnet18,171.964,168.738,1,1
0.511,t1_resnet18,285.102,179.373,2,1
0.679,t1_resnet18,269.564,168.441,1,1
0.859,t1_resnet18,385.731,179.927,0,1
1.085,t1_resnet18,147.612,145.383,0,1
1.772,t1_resnet18,180.806,178.479,0,1
2.094,t1_resnet18,240.576,235.577,1,1
2.275,t1_resnet18,193.715,181.080,0,1
2.574,t1_resnet18,189.119,187.834,0,1
3.256,t1_resnet18,212.050,210.245,1,1
3.482,t1_resnet18,352.791,226.427,2,1
3.714,t1_resnet18,284.821,231.633,1,1
3.940,t1_resnet18,466.519,226.341,0,1
4.281,t1_resnet18,175.284,173.577,0,1
4.708,t1_resnet18,166.475,164.215,2,1
4.928,t1_resnet18,362.860,219.706,4,1
5.151,t1_resnet18,497.684,222.302,4,1
5.367,t1_resnet18,619.592,216.558,3,1
5.572,t1_resnet18,822.486,204.451,3,1
5.784,t1_resnet18,949.126,212.247,3,1
6.034,t1_resnet18,1065.827,249.916,3,1
6.238,t1_resnet18,811.170,204.391,2,1
6.467,t1_resnet18,757.957,228.693,6,1
6.684,t1_resnet18,656.898,216.898,6,1
6.878,t1_resnet18,624.163,194.022,5,1
7.130,t1_resnet18,846.421,251.590,5,1
7.329,t1_resnet18,1045.841,199.601,4,1
7.532,t1_resnet18,1204.660,202.451,4,1
7.727,t1_resnet18,1394.773,195.237,3,1
7.892,t1_resnet18,1332.877,164.803,2,1
8.140,t1_resnet18,1012.542,247.756,2,1
8.348,t1_resnet18,953.517,208.839,1,1
8.542,t1_resnet18,491.238,193.928,3,1
8.714,t1_resnet18,358.776,171.635,2,1
8.881,t1_resnet18,401.219,166.828,1,1
9.092,t1_resnet18,565.278,211.379,1,1
9.330,t1_resnet18,389.400,237.188,1,1
9.543,t1_resnet18,316.078,213.571,0,1
9.889,t1_resnet18,172.722,169.203,0,1
10.176,t1_resnet18,189.557,185.586,1,1
10.385,t1_resnet18,387.988,209.187,0,1
11.289,t1_resnet18,131.252,129.401,1,1
11.487,t1_resnet18,246.980,198.393,2,1
11.698,t1_resnet18,274.230,211.286,2,1
11.897,t1_resnet18,450.699,198.848,2,1
12.080,t1_resnet18,514.606,182.635,1,1
12.264,t1_resnet18,415.929,183.519,3,1
12.455,t1_resnet18,323.060,191.226,2,1
12.653,t1_resnet18,473.529,197.834,2,1
12.853,t1_resnet18,616.056,200.702,1,1
13.047,t1_resnet18,457.573,193.509,1,1
13.260,t1_resnet18,232.542,212.568,2,1
13.462,t1_resnet18,384.567,202.325,3,1
13.646,t1_resnet18,411.679,183.517,2,1
13.786,t1_resnet18,524.770,140.643,2,1
13.989,t1_resnet18,637.928,202.369,2,1
14.229,t1_resnet18,518.096,240.876,1,1
14.442,t1_resnet18,637.391,212.127,0,1
14.928,t1_resnet18,175.993,171.931,0,1
15.329,t1_resnet18,188.543,188.430,0,1
15.885,t1_resnet18,188.020,187.039,1,1
16.092,t1_resnet18,384.970,206.306,1,1
16.272,t1_resnet18,189.875,180.020,1,1
16.477,t1_resnet18,244.618,204.703,0,1
16.657,t1_resnet18,176.681,175.178,1,1
16.800,t1_resnet18,246.281,143.605,1,1
17.030,t1_resnet18,294.138,229.241,0,1
17.273,t1_resnet18,181.114,177.968,0,1
17.596,t1_resnet18,187.007,185.333,0,1
18.174,t1_resnet18,186.947,182.935,1,1
18.380,t1_resnet18,266.788,206.185,1,1
18.583,t1_resnet18,374.939,202.967,1,1
18.758,t1_resnet18,351.261,174.828,1,1
18.936,t1_resnet18,250.469,178.192,1,1
19.099,t1_resnet18,171.966,163.005,1,1
19.339,t1_resnet18,289.131,239.669,0,1
20.337,t1_resnet18,152.417,147.812,1,0
20.495,t1_resnet18,256.588,158.365,1,0
20.689,t1_resnet18,234.686,194.014,1,0
20.868,t1_resnet18,198.543,178.438,1,0
21.070,t1_resnet18,375.630,202.249,0,0
21.393,t1_resnet18,168.855,166.595,0,0
21.583,t1_resnet18,145.879,144.341,2,0
21.747,t1_resnet18,280.505,163.591,1,0
21.937,t1_resnet18,413.007,190.089,1,0
22.140,t1_resnet18,303.017,203.469,2,0
22.341,t1_resnet18,377.069,200.409,1,0
22.543,t1_resnet18,533.577,201.975,1,0
22.731,t1_resnet18,260.655,188.529,0,0
23.163,t1_resnet18,179.469,178.241,1,0
23.378,t1_resnet18,356.878,215.260,2,0
23.566,t1_resnet18,365.031,188.018,1,0
23.753,t1_resnet18,427.790,186.824,2,0
23.963,t1_resnet18,310.965,209.544,2,0
24.171,t1_resnet18,433.570,207.860,1,0
24.377,t1_resnet18,475.841,205.926,0,0
24.697,t1_resnet18,185.565,183.442,0,0
25.141,t1_resnet18,162.207,160.800,3,0
25.351,t1_resnet18,309.993,209.689,3,0
25.538,t1_resnet18,482.450,187.251,3,0
25.748,t1_resnet18,618.298,210.273,4,0
25.955,t1_resnet18,745.879,206.809,4,0
26.171,t1_resnet18,681.479,215.535,3,0
26.363,t1_resnet18,783.698,192.566,3,0
26.573,t1_resnet18,885.261,209.580,2,0
26.790,t1_resnet18,948.918,216.606,1,0
27.030,t1_resnet18,807.426,240.733,2,0
27.243,t1_resnet18,366.682,212.601,1,0
27.460,t1_resnet18,534.215,216.452,1,0
27.667,t1_resnet18,215.977,207.787,1,0
27.847,t1_resnet18,209.299,179.271,2,0
28.064,t1_resnet18,336.931,217.531,2,0
28.274,t1_resnet18,444.935,210.049,3,0
28.468,t1_resnet18,594.364,193.449,2,0
28.670,t1_resnet18,520.275,201.841,4,0
28.858,t1_resnet18,656.983,188.672,4,0
29.078,t1_resnet18,564.085,219.895,3,0
29.285,t1_resnet18,764.462,206.608,2,0
29.482,t1_resnet18,874.998,197.293,3,0
29.733,t1_resnet18,900.177,250.385,2,0
29.950,t1_resnet18,584.719,217.117,3,0
30.168,t1_resnet18,700.394,218.472,3,0
30.379,t1_resnet18,551.888,210.543,3,0
30.574,t1_resnet18,624.290,194.799,3,0
30.757,t1_resnet18,665.907,183.124,3,0
30.969,t1_resnet18,720.788,211.556,2,0
31.189,t1_resnet18,714.965,220.629,1,0
31.433,t1_resnet18,847.557,244.174,1,0
31.654,t1_resnet18,395.244,220.114,1,0
31.850,t1_resnet18,306.992,196.244,1,0
32.060,t1_resnet18,378.893,210.460,1,0
32.289,t1_resnet18,237.008,228.957,1,0
32.541,t1_resnet18,265.558,251.419,2,0
32.732,t1_resnet18,354.753,190.852,4,0
32.944,t1_resnet18,537.886,212.542,3,0
33.176,t1_resnet18,618.676,231.840,2,0
33.435,t1_resnet18,802.524,258.833,1,0
33.663,t1_resnet18,993.556,227.982,2,0
33.872,t1_resnet18,387.122,209.143,1,0
34.136,t1_resnet18,597.018,263.798,1,0
34.371,t1_resnet18,441.210,235.127,1,0
34.632,t1_resnet18,262.264,260.517,1,0
34.840,t1_resnet18,218.573,208.124,2,0
35.071,t1_resnet18,431.961,231.546,2,0
35.339,t1_resnet18,511.689,267.313,1,0
35.565,t1_resnet18,543.426,225.868,0,0
36.130,t1_resnet18,230.151,226.708,0,0
36.587,t1_resnet18,187.543,184.145,3,0
36.781,t1_resnet18,310.890,193.044,3,0
37.038,t1_resnet18,529.028,257.349,5,0
37.273,t1_resnet18,694.540,235.213,5,0
37.544,t1_resnet18,937.331,270.861,7,0
37.761,t1_resnet18,926.068,216.462,8,0
37.981,t1_resnet18,1019.224,220.075,8,0
38.250,t1_resnet18,1216.637,269.645,8,0
38.484,t1_resnet18,1429.177,233.840,9,0
38.719,t1_resnet18,1386.923,234.732,10,0
38.942,t1_resnet18,1606.084,223.380,9,0
39.170,t1_resnet18,1643.059,227.742,8,0
39.446,t1_resnet18,1870.877,276.364,7,0
39.685,t1_resnet18,2102.145,238.057,7,0
39.937,t1_resnet18,2057.278,252.780,6,0
40.162,t1_resnet18,2137.162,224.990,6,0
40.435,t1_resnet18,2033.598,272.496,7,0
40.648,t1_resnet18,2166.542,213.242,8,0
40.846,t1_resnet18,2359.409,197.511,8,0
41.079,t1_resnet18,2512.613,233.460,8,0
41.354,t1_resnet18,1704.089,274.184,7,0
41.575,t1_resnet18,1429.713,221.694,7,0
41.836,t1_resnet18,1551.309,261.035,7,0
42.074,t1_resnet18,1726.426,237.597,6,0
42.353,t1_resnet18,1883.945,278.575,7,0
42.634,t1_resnet18,1998.512,281.562,6,0
42.850,t1_resnet18,2008.602,215.886,5,0
43.131,t1_resnet18,2087.691,281.190,5,0
43.380,t1_resnet18,1919.529,248.572,4,0
43.666,t1_resnet18,1837.281,286.160,3,0
43.928,t1_resnet18,1803.644,261.749,2,0
44.170,t1_resnet18,1944.364,242.516,2,0
44.453,t1_resnet18,1326.317,282.890,1,0
44.706,t1_resnet18,756.581,252.596,1,0
44.947,t1_resnet18,448.012,240.489,1,0
45.178,t1_resnet18,436.782,231.676,1,0
45.460,t1_resnet18,433.407,281.509,5,0
45.721,t1_resnet18,423.587,261.163,5,0
45.958,t1_resnet18,657.775,236.755,4,0
46.239,t1_resnet18,923.122,281.518,6,0
46.482,t1_resnet18,1075.010,242.624,7,0
46.746,t1_resnet18,1296.915,264.359,6,0
47.033,t1_resnet18,1510.853,286.847,5,0
47.271,t1_resnet18,1244.253,238.054,5,0
47.555,t1_resnet18,1337.912,283.146,5,0
47.775,t1_resnet18,1552.994,220.401,6,0
48.043,t1_resnet18,1681.429,267.807,6,0
48.282,t1_resnet18,1904.629,239.570,6,0
48.559,t1_resnet18,1490.891,276.886,7,0
48.786,t1_resnet18,1433.722,226.206,7,0
49.060,t1_resnet18,1330.768,274.399,6,0
49.334,t1_resnet18,1600.693,273.764,5,0
49.573,t1_resnet18,1565.960,239.064,4,0
49.835,t1_resnet18,1695.643,261.827,5,0
50.070,t1_resnet18,1742.965,235.218,7,0
50.351,t1_resnet18,1838.672,280.533,7,0
50.630,t1_resnet18,1956.932,279.684,9,0
50.843,t1_resnet18,1089.921,212.940,9,0
51.085,t1_resnet18,1322.827,241.249,8,0
51.368,t1_resnet18,1500.480,283.357,7,0
51.650,t1_resnet18,1724.876,282.140,9,0
51.875,t1_resnet18,1908.521,224.601,9,0
52.159,t1_resnet18,1884.663,284.542,10,0
52.443,t1_resnet18,2015.539,283.070,11,0
52.706,t1_resnet18,2215.539,263.880,11,0
52.951,t1_resnet18,2447.758,244.713,10,0
53.237,t1_resnet18,2399.205,285.591,9,0
53.477,t1_resnet18,2043.855,239.627,9,0
53.748,t1_resnet18,2144.011,271.018,9,0
54.034,t1_resnet18,2410.558,286.642,8,0
54.273,t1_resnet18,2552.049,239.195,8,0
54.563,t1_resnet18,2680.516,289.828,9,0
54.829,t1_resnet18,2879.982,265.526,10,0
55.071,t1_resnet18,2803.829,241.854,10,0
55.361,t1_resnet18,2953.813,289.765,12,0
55.648,t1_resnet18,2979.082,287.842,12,0
55.865,t1_resnet18,2538.197,216.744,11,0
56.157,t1_resnet18,2459.271,291.405,11,0
56.443,t1_resnet18,2216.178,286.523,11,0
56.706,t1_resnet18,2416.386,262.522,10,0
56.955,t1_resnet18,2644.896,249.507,10,0
57.243,t1_resnet18,2581.609,287.635,12,0
57.533,t1_resnet18,2706.181,290.208,12,0
57.764,t1_resnet18,2761.755,230.742,13,0
58.049,t1_resnet18,2971.169,284.556,12,0
58.337,t1_resnet18,3145.810,288.472,12,0
58.628,t1_resnet18,3394.917,290.856,14,0
58.852,t1_resnet18,3435.656,224.063,16,0
59.139,t1_resnet18,3212.285,287.229,16,0
59.434,t1_resnet18,3005.114,294.343,15,0
59.704,t1_resnet18,2834.733,270.350,17,0
59.950,t1_resnet18,2932.872,245.850,18,0
60.242,t1_resnet18,3196.347,291.690,18,0
60.530,t1_resnet18,3342.767,288.181,20,0
60.759,t1_resnet18,3249.570,229.303,20,0
61.046,t1_resnet18,3493.029,286.429,21,0
61.341,t1_resnet18,3764.078,294.787,20,0
61.631,t1_resnet18,3503.548,289.954,21,0
61.852,t1_resnet18,3426.683,221.736,21,0
62.149,t1_resnet18,3579.217,296.801,20,0
62.439,t1_resnet18,3846.635,289.995,19,0
62.714,t1_resnet18,4053.554,274.421,20,0
62.958,t1_resnet18,4242.622,244.460,20,0
63.253,t1_resnet18,4415.652,294.611,21,0
63.544,t1_resnet18,4624.546,290.835,20,0
63.779,t1_resnet18,4282.347,235.149,19,0
64.071,t1_resnet18,4398.430,291.511,18,0
64.364,t1_resnet18,4673.391,293.857,18,0
64.661,t1_resnet18,4953.618,296.084,18,0
64.934,t1_resnet18,5155.038,273.177,19,0
65.230,t1_resnet18,5179.727,296.130,19,0
65.476,t1_resnet18,5154.390,245.978,18,0
65.759,t1_resnet18,5323.327,283.407,18,0
66.047,t1_resnet18,5605.398,287.616,18,0
66.344,t1_resnet18,5602.060,296.521,20,0
66.635,t1_resnet18,5837.228,290.953,21,0
66.865,t1_resnet18,5836.669,230.775,22,0
67.158,t1_resnet18,5798.117,292.826,24,0
67.454,t1_resnet18,5847.482,296.047,23,0
67.726,t1_resnet18,6008.231,271.192,24,0
67.977,t1_resnet18,5374.838,251.203,24,0
68.273,t1_resnet18,5562.574,296.412,25,0
68.569,t1_resnet18,5736.663,295.969,24,0
68.847,t1_resnet18,5841.624,277.331,23,0
69.142,t1_resnet18,5943.033,294.937,24,0
69.437,t1_resnet18,5108.054,295.446,23,0
69.704,t1_resnet18,5149.852,266.620,23,0
69.950,t1_resnet18,5267.664,246.566,22,0
70.246,t1_resnet18,5319.167,295.903,25,0
70.539,t1_resnet18,5544.439,292.521,25,0
70.772,t1_resnet18,5168.659,232.779,24,0
71.059,t1_resnet18,5204.691,287.002,23,0
71.350,t1_resnet18,5089.036,291.472,22,0
71.645,t1_resnet18,5383.091,294.450,23,0
71.875,t1_resnet18,5576.360,229.955,22,0
72.170,t1_resnet18,5690.312,295.356,22,0
72.467,t1_resnet18,5967.298,296.630,21,0
72.754,t1_resnet18,6111.362,286.923,22,0
73.048,t1_resnet18,6272.062,294.389,22,0
73.342,t1_resnet18,6432.144,294.050,21,0
73.637,t1_resnet18,6706.796,294.674,21,0
73.867,t1_resnet18,6903.354,229.718,20,0
74.163,t1_resnet18,6665.822,296.662,22,0
74.463,t1_resnet18,6759.062,299.196,23,0
74.741,t1_resnet18,6897.506,278.451,22,0
75.041,t1_resnet18,6883.386,300.455,22,0
75.339,t1_resnet18,7147.605,297.616,21,0
75.638,t1_resnet18,6710.593,298.483,22,0
75.867,t1_resnet18,6933.933,229.235,23,0
76.165,t1_resnet18,6497.046,297.935,23,0
76.465,t1_resnet18,6398.413,300.303,22,0
76.750,t1_resnet18,6606.348,284.691,22,0
77.048,t1_resnet18,6879.946,298.180,21,0
77.343,t1_resnet18,7138.913,294.888,21,0
77.642,t1_resnet18,7184.774,298.615,20,0
77.868,t1_resnet18,6341.429,226.745,19,0
78.168,t1_resnet18,6602.553,299.645,19,0
78.467,t1_resnet18,6524.846,298.487,18,0
78.751,t1_resnet18,6218.463,284.169,17,0
79.045,t1_resnet18,6333.651,293.740,17,0
79.343,t1_resnet18,6439.053,298.426,17,0
79.641,t1_resnet18,6043.911,297.978,17,0
79.865,t1_resnet18,5938.370,224.298,16,0
80.170,t1_resnet18,6210.122,304.071,18,0
80.473,t1_resnet18,6434.059,303.913,17,0
80.757,t1_resnet18,6590.530,283.332,17,0
81.045,t1_resnet18,6734.955,288.213,16,0
81.340,t1_resnet18,6313.221,295.173,15,0
81.632,t1_resnet18,6237.442,291.743,14,0
81.860,t1_resnet18,6414.811,227.867,13,0
82.155,t1_resnet18,6433.279,294.641,13,0
82.448,t1_resnet18,6655.818,293.796,14,0
82.732,t1_resnet18,6590.833,283.657,13,0
82.981,t1_resnet18,6276.258,248.804,13,0
83.273,t1_resnet18,5948.594,292.122,13,0
83.567,t1_resnet18,5439.945,293.789,14,0
83.846,t1_resnet18,5013.939,279.346,17,0
84.138,t1_resnet18,4918.178,291.775,16,0
84.435,t1_resnet18,4900.417,296.348,17,0
84.676,t1_resnet18,4648.652,241.096,16,0
84.958,t1_resnet18,4891.424,282.545,16,0
85.251,t1_resnet18,5148.513,292.199,19,0
85.540,t1_resnet18,5001.909,289.646,20,0
85.772,t1_resnet18,3744.855,231.689,19,0
86.068,t1_resnet18,3901.187,296.253,19,0
86.367,t1_resnet18,4039.578,299.070,18,0
86.664,t1_resnet18,3829.962,296.632,17,0
86.949,t1_resnet18,3931.487,284.649,18,0
87.243,t1_resnet18,3935.752,294.663,17,0
87.542,t1_resnet18,4166.085,298.538,18,0
87.827,t1_resnet18,4172.227,285.189,17,0
88.074,t1_resnet18,4405.140,246.972,19,0
88.369,t1_resnet18,4667.374,295.232,18,0
88.665,t1_resnet18,4935.781,295.566,17,0
88.948,t1_resnet18,4662.608,283.212,16,0
89.242,t1_resnet18,4946.799,293.353,15,0
89.536,t1_resnet18,4708.702,294.092,14,0
89.770,t1_resnet18,4747.196,234.616,13,0
90.068,t1_resnet18,4976.193,297.104,13,0
90.365,t1_resnet18,5206.515,297.377,12,0
90.663,t1_resnet18,5413.088,298.414,13,0
90.942,t1_resnet18,5625.703,278.620,12,0
91.239,t1_resnet18,5740.924,297.368,12,0
91.537,t1_resnet18,5510.372,297.952,12,0
91.776,t1_resnet18,4933.461,238.222,12,0
92.074,t1_resnet18,5152.926,298.272,11,0
92.370,t1_resnet18,5124.281,295.663,10,0
92.672,t1_resnet18,5415.133,302.634,11,0
92.952,t1_resnet18,5024.534,279.208,10,0
93.250,t1_resnet18,5230.006,298.841,11,0
93.549,t1_resnet18,5511.127,298.592,11,0
93.834,t1_resnet18,3886.433,285.155,11,0
94.133,t1_resnet18,3557.457,299.213,10,0
94.430,t1_resnet18,3786.041,296.712,12,0
94.704,t1_resnet18,3628.377,273.649,13,0
94.963,t1_resnet18,3629.596,259.136,14,0
95.259,t1_resnet18,3705.667,296.308,13,0
95.560,t1_resnet18,3132.674,300.298,13,0
95.845,t1_resnet18,3178.410,285.329,13,0
96.139,t1_resnet18,3177.685,293.993,13,0
96.436,t1_resnet18,3241.623,296.503,14,0
96.754,t1_resnet18,3257.361,318.538,14,0
96.976,t1_resnet18,3337.177,221.794,14,0
97.272,t1_resnet18,3128.277,295.721,14,0
97.564,t1_resnet18,3273.058,292.296,13,0
97.849,t1_resnet18,3531.463,284.333,13,0
98.142,t1_resnet18,3598.016,293.126,13,0
98.438,t1_resnet18,3874.599,295.785,14,0
98.720,t1_resnet18,3893.127,282.588,16,0
98.968,t1_resnet18,4094.275,247.968,19,0
99.266,t1_resnet18,3728.031,298.040,20,0
99.565,t1_resnet18,3738.293,299.063,21,0
99.853,t1_resnet18,3871.176,287.771,21,0
100.155,t1_resnet18,4007.338,301.649,20,0
100.453,t1_resnet18,4218.900,298.077,19,0
100.740,t1_resnet18,4259.994,287.430,18,0
101.043,t1_resnet18,4182.876,302.867,18,0
101.344,t1_resnet18,4279.048,300.583,18,0
101.649,t1_resnet18,4050.383,305.490,18,0
101.934,t1_resnet18,3882.078,284.152,19,0
102.236,t1_resnet18,4003.043,302.146,20,0
102.535,t1_resnet18,4181.740,299.431,20,0
102.771,t1_resnet18,4279.834,236.004,19,0
103.073,t1_resnet18,4505.846,301.574,19,0
103.373,t1_resnet18,4665.083,299.845,19,0
103.676,t1_resnet18,4893.857,302.901,19,0
103.957,t1_resnet18,5172.125,281.684,20,0
104.260,t1_resnet18,5406.255,302.282,20,0
104.567,t1_resnet18,5684.339,307.300,20,0
104.851,t1_resnet18,5838.820,283.575,19,0
105.153,t1_resnet18,5986.228,302.179,18,0
105.452,t1_resnet18,6004.172,299.216,17,0
105.740,t1_resnet18,6254.632,287.452,17,0
106.042,t1_resnet18,6463.876,302.669,18,0
106.341,t1_resnet18,5513.893,298.553,18,0
106.641,t1_resnet18,5542.566,300.197,19,0
106.872,t1_resnet18,5446.101,231.119,18,0
107.173,t1_resnet18,5425.003,300.599,17,0
107.474,t1_resnet18,5612.213,300.730,16,0
107.760,t1_resnet18,5777.419,285.759,15,0
108.058,t1_resnet18,5905.315,298.027,16,0
108.358,t1_resnet18,5990.907,300.721,18,0
108.658,t1_resnet18,5827.221,299.277,18,0
108.938,t1_resnet18,5793.293,280.210,17,0
109.235,t1_resnet18,5687.320,297.214,17,0
109.532,t1_resnet18,5808.692,296.480,19,0
109.768,t1_resnet18,6018.369,236.094,19,0
110.064,t1_resnet18,5923.141,295.871,20,0
110.359,t1_resnet18,6068.900,295.760,19,0
110.659,t1_resnet18,5132.429,299.980,18,0
110.941,t1_resnet18,5196.545,281.158,20,0
111.235,t1_resnet18,5433.014,293.948,20,0
111.528,t1_resnet18,5236.039,293.075,22,0
111.762,t1_resnet18,5329.201,234.103,21,0
112.055,t1_resnet18,5564.735,293.090,22,0
112.352,t1_resnet18,4524.915,296.881,22,0
112.639,t1_resnet18,4736.338,287.444,22,0
112.876,t1_resnet18,4624.141,236.064,22,0
113.171,t1_resnet18,4858.868,295.747,21,0
113.467,t1_resnet18,5152.195,296.055,21,0
113.756,t1_resnet18,5327.319,288.241,23,0
114.050,t1_resnet18,4922.886,294.242,24,0
114.343,t1_resnet18,4960.446,293.147,23,0
114.637,t1_resnet18,5250.968,293.656,24,0
114.875,t1_resnet18,5401.525,238.349,24,0
115.168,t1_resnet18,5414.256,292.914,25,0
115.465,t1_resnet18,5566.662,296.692,25,0
115.742,t1_resnet18,5806.505,277.524,26,0
116.034,t1_resnet18,5336.251,291.970,27,0
116.329,t1_resnet18,5574.811,294.795,27,0
116.572,t1_resnet18,5749.230,242.627,28,0
116.853,t1_resnet18,5829.372,280.844,27,0
117.148,t1_resnet18,5912.809,295.319,26,0
117.438,t1_resnet18,6084.977,289.695,25,0
117.715,t1_resnet18,6309.258,276.874,25,0
117.968,t1_resnet18,6141.265,253.533,26,0
118.262,t1_resnet18,6386.831,294.078,25,0
118.550,t1_resnet18,6318.143,287.776,26,0
118.831,t1_resnet18,6342.496,280.378,27,0
119.072,t1_resnet18,6231.544,241.517,26,0
119.368,t1_resnet18,6108.725,295.955,27,0
119.658,t1_resnet18,6124.872,289.749,26,0
119.938,t1_resnet18,6326.814,279.778,29,0
120.235,t1_resnet18,6560.355,297.611,28,0
120.529,t1_resnet18,6698.080,293.623,29,0
120.765,t1_resnet18,6836.219,236.343,29,0
121.052,t1_resnet18,6583.957,286.808,28,0
121.347,t1_resnet18,6864.909,295.017,29,0
121.638,t1_resnet18,6862.066,290.608,30,0
121.874,t1_resnet18,6972.188,236.032,32,0
122.169,t1_resnet18,7111.889,295.109,32,0
122.467,t1_resnet18,7244.612,298.049,35,0
122.748,t1_resnet18,7189.376,280.228,34,0
123.042,t1_resnet18,7413.137,294.051,36,0
123.336,t1_resnet18,7509.024,294.422,36,0
123.634,t1_resnet18,7718.056,298.167,36,0
123.870,t1_resnet18,7670.200,235.677,35,0
124.165,t1_resnet18,7697.075,295.038,34,0
124.460,t1_resnet18,7898.625,295.091,35,0
124.749,t1_resnet18,7043.925,288.615,34,0
125.042,t1_resnet18,7300.817,292.852,34,0
125.336,t1_resnet18,7517.769,294.240,33,0
125.635,t1_resnet18,7197.528,298.684,32,0
125.867,t1_resnet18,7387.903,232.159,31,0
126.164,t1_resnet18,7432.949,297.487,32,0
126.454,t1_resnet18,7703.766,289.904,32,0
126.738,t1_resnet18,7640.315,283.502,31,0
127.028,t1_resnet18,7719.025,289.890,30,0
127.274,t1_resnet18,7553.838,245.983,30,0
127.565,t1_resnet18,7768.806,291.050,33,0
127.845,t1_resnet18,8013.144,280.344,34,0
128.133,t1_resnet18,8258.857,287.280,34,0
128.374,t1_resnet18,8114.289,240.857,33,0
128.666,t1_resnet18,8154.592,292.395,34,0
128.942,t1_resnet18,8366.985,275.934,33,0
129.237,t1_resnet18,8080.482,295.435,35,0
129.531,t1_resnet18,8279.646,293.727,35,0
129.766,t1_resnet18,8407.467,234.396,34,0
130.058,t1_resnet18,8693.410,291.934,33,0
130.351,t1_resnet18,8696.085,293.714,33,0
130.650,t1_resnet18,8976.060,298.255,35,0
130.931,t1_resnet18,9185.595,280.973,35,0
131.173,t1_resnet18,9156.897,242.488,36,0
131.468,t1_resnet18,9284.405,295.264,36,0
131.750,t1_resnet18,9500.667,281.245,35,0
132.038,t1_resnet18,9670.127,287.971,35,0
132.280,t1_resnet18,9849.529,242.202,34,0
132.572,t1_resnet18,9815.340,292.075,35,0
132.860,t1_resnet18,10006.167,288.081,34,0
133.153,t1_resnet18,10297.985,292.282,35,0
133.444,t1_resnet18,10383.449,291.745,35,0
133.726,t1_resnet18,10105.024,281.882,35,0
133.971,t1_resnet18,9604.068,244.660,35,0
134.264,t1_resnet18,9852.804,292.830,34,0
134.555,t1_resnet18,9528.032,291.269,34,0
134.829,t1_resnet18,8857.598,274.178,34,0
135.076,t1_resnet18,9097.461,246.989,33,0
135.364,t1_resnet18,9100.015,287.567,34,0
135.657,t1_resnet18,8607.291,293.430,33,0
135.936,t1_resnet18,8635.624,278.294,34,0
136.227,t1_resnet18,8899.446,291.443,36,0
136.470,t1_resnet18,9028.056,242.927,35,0
136.754,t1_resnet18,9194.440,283.390,36,0
137.043,t1_resnet18,9374.278,289.084,36,0
137.332,t1_resnet18,9583.359,289.083,35,0
137.578,t1_resnet18,9700.516,246.676,35,0
137.853,t1_resnet18,9398.969,274.941,34,0
138.141,t1_resnet18,9640.668,287.483,34,0
138.431,t1_resnet18,9472.948,290.212,34,0
138.673,t1_resnet18,9632.212,242.085,33,0
138.940,t1_resnet18,9823.189,266.309,32,0
139.230,t1_resnet18,9771.696,290.302,31,0
139.474,t1_resnet18,9346.474,243.535,30,0
139.751,t1_resnet18,9356.380,277.627,33,0
140.036,t1_resnet18,9632.041,285.266,33,0
140.281,t1_resnet18,9653.063,244.080,35,0
140.570,t1_resnet18,9805.224,289.601,35,0
140.840,t1_resnet18,9756.135,270.170,34,0
141.135,t1_resnet18,9979.889,294.904,35,0
141.429,t1_resnet18,10141.825,293.977,34,0
141.673,t1_resnet18,9719.585,243.621,34,0
141.949,t1_resnet18,9649.752,275.537,33,0
142.245,t1_resnet18,9804.741,296.340,36,0
142.535,t1_resnet18,9660.842,290.389,37,0
142.774,t1_resnet18,9784.983,238.204,38,0
143.063,t1_resnet18,9630.818,289.139,38,0
143.362,t1_resnet18,9676.508,298.988,39,0
143.654,t1_resnet18,9744.940,292.113,39,0
143.933,t1_resnet18,9505.662,279.052,38,0
144.229,t1_resnet18,9401.797,295.825,37,0
144.472,t1_resnet18,9322.134,243.525,37,0
144.762,t1_resnet18,9490.592,289.605,36,0
145.058,t1_resnet18,9362.999,296.064,36,0
145.359,t1_resnet18,9579.987,300.393,35,0
145.658,t1_resnet18,9556.995,299.801,35,0
145.939,t1_resnet18,9799.030,280.366,39,0
146.236,t1_resnet18,10034.539,296.833,40,0
146.537,t1_resnet18,9962.488,301.090,41,0
146.830,t1_resnet18,10173.481,293.114,42,0
147.130,t1_resnet18,10254.560,300.321,43,0
147.431,t1_resnet18,10058.004,300.651,45,0
147.715,t1_resnet18,9781.370,284.362,44,0
147.968,t1_resnet18,9825.883,252.056,44,0
148.272,t1_resnet18,8744.757,304.244,44,0
148.631,t1_resnet18,9066.622,359.541,43,0
148.870,t1_resnet18,9286.097,238.240,42,0
149.227,t1_resnet18,9625.758,357.596,41,0
149.532,t1_resnet18,9678.618,304.383,41,0
149.776,t1_resnet18,9685.494,244.289,40,0
150.128,t1_resnet18,9984.615,351.982,40,0
150.436,t1_resnet18,10269.760,308.171,41,0
150.734,t1_resnet18,10167.938,297.711,40,0
151.039,t1_resnet18,10012.266,305.240,39,0
151.348,t1_resnet18,10245.858,308.757,38,0
151.659,t1_resnet18,10053.660,310.441,40,0
151.954,t1_resnet18,9982.113,295.330,40,0
152.261,t1_resnet18,10239.709,306.908,40,0
152.567,t1_resnet18,10496.692,305.935,39,0
152.865,t1_resnet18,10780.557,298.255,39,0
153.230,t1_resnet18,10981.532,364.834,41,0
153.539,t1_resnet18,11088.752,308.486,40,0
153.832,t1_resnet18,11285.564,293.669,39,0
154.144,t1_resnet18,11579.026,311.832,39,0
154.455,t1_resnet18,11506.791,310.329,38,0
154.754,t1_resnet18,11628.636,299.100,38,0
155.060,t1_resnet18,11806.514,306.279,39,0
155.372,t1_resnet18,11934.571,311.948,39,0
155.715,t1_resnet18,11485.843,343.247,39,0
156.033,t1_resnet18,11103.371,317.529,39,0
156.341,t1_resnet18,10837.681,308.270,38,0
156.654,t1_resnet18,10972.228,312.465,39,0
156.948,t1_resnet18,11227.677,294.790,39,0
157.262,t1_resnet18,11538.543,313.337,39,0
157.630,t1_resnet18,11801.562,368.202,40,0
157.931,t1_resnet18,12016.682,300.611,40,0
158.239,t1_resnet18,12269.381,308.064,40,0
158.546,t1_resnet18,12534.035,306.746,39,0
158.842,t1_resnet18,12517.437,296.314,38,0
159.151,t1_resnet18,12647.549,308.807,38,0
159.458,t1_resnet18,12866.812,306.921,37,0
159.758,t1_resnet18,13028.492,300.133,36,0
160.061,t1_resnet18,13090.578,303.133,37,0
160.366,t1_resnet18,13283.962,305.053,37,0
160.670,t1_resnet18,13440.093,304.127,36,0
160.960,t1_resnet18,13627.693,289.236,36,0
161.266,t1_resnet18,13862.584,306.327,39,0
161.569,t1_resnet18,13630.673,302.555,38,0
161.853,t1_resnet18,13768.041,284.829,37,0
162.160,t1_resnet18,12732.689,306.304,38,0
162.463,t1_resnet18,12335.492,302.780,38,0
162.757,t1_resnet18,12615.343,294.362,37,0
163.052,t1_resnet18,12848.166,294.765,36,0
163.356,t1_resnet18,11828.584,303.892,38,0
163.658,t1_resnet18,12038.628,302.552,39,0
163.940,t1_resnet18,12290.479,281.609,38,0
164.238,t1_resnet18,12383.970,298.354,38,0
164.540,t1_resnet18,12396.990,301.199,38,0
164.833,t1_resnet18,12107.754,293.622,38,0
165.136,t1_resnet18,12251.396,303.067,37,0
165.437,t1_resnet18,12381.970,301.149,39,0
165.724,t1_resnet18,12497.286,286.745,39,0
166.028,t1_resnet18,12058.123,303.260,39,0
166.273,t1_resnet18,11660.343,245.137,38,0
166.629,t1_resnet18,11859.406,356.090,38,0
166.868,t1_resnet18,11984.392,239.479,37,0
167.228,t1_resnet18,11897.743,359.246,37,0
167.528,t1_resnet18,11862.335,300.080,36,0
167.768,t1_resnet18,11740.423,240.485,38,0
168.066,t1_resnet18,11530.866,297.296,38,0
168.367,t1_resnet18,11789.694,301.461,37,0
168.671,t1_resnet18,11844.365,304.267,36,0
168.960,t1_resnet18,11902.190,288.129,36,0
169.265,t1_resnet18,11788.371,305.062,36,0
169.566,t1_resnet18,12026.457,301.685,36,0
169.855,t1_resnet18,11928.301,288.904,35,0
170.161,t1_resnet18,12153.711,305.766,35,0
170.461,t1_resnet18,11403.593,299.773,35,0
170.757,t1_resnet18,10819.661,295.907,35,0
171.056,t1_resnet18,11094.693,299.042,35,0
171.357,t1_resnet18,11066.104,300.573,36,0
171.662,t1_resnet18,10924.098,304.786,37,0
171.949,t1_resnet18,10939.952,287.389,37,0
172.255,t1_resnet18,11159.941,306.206,36,0
172.556,t1_resnet18,11418.799,300.887,35,0
172.846,t1_resnet18,11613.560,289.880,35,0
173.153,t1_resnet18,11125.566,306.517,34,0
173.452,t1_resnet18,11402.906,299.631,34,0
173.746,t1_resnet18,11381.079,293.893,35,0
174.045,t1_resnet18,10918.311,299.132,34,0
174.346,t1_resnet18,11152.790,300.733,34,0
174.653,t1_resnet18,11367.144,306.329,34,0
174.940,t1_resnet18,11393.601,287.707,34,0
175.247,t1_resnet18,11673.823,306.819,35,0
175.546,t1_resnet18,11419.285,299.202,35,0
175.837,t1_resnet18,11590.615,290.816,34,0
176.144,t1_resnet18,11552.392,306.791,33,0
176.449,t1_resnet18,11281.929,304.981,33,0
176.747,t1_resnet18,11507.964,298.438,33,0
177.047,t1_resnet18,11656.580,299.570,33,0
177.350,t1_resnet18,11636.084,302.939,32,0
177.647,t1_resnet18,11721.293,296.994,32,0
177.940,t1_resnet18,11386.051,292.345,35,0
178.239,t1_resnet18,11103.056,299.908,35,0
178.539,t1_resnet18,10941.581,299.575,34,0
178.834,t1_resnet18,11229.777,295.220,34,0
179.132,t1_resnet18,11378.645,297.855,34,0
179.432,t1_resnet18,11402.898,299.696,35,0
179.718,t1_resnet18,10881.908,285.654,36,0
179.974,t1_resnet18,10715.862,256.179,36,0
180.271,t1_resnet18,10708.796,297.488,36,0
180.572,t1_resnet18,10545.430,301.104,36,0
180.866,t1_resnet18,10544.570,293.162,36,0
181.164,t1_resnet18,10479.973,298.378,35,0
181.462,t1_resnet18,10634.650,297.604,36,0
181.762,t1_resnet18,10661.785,300.045,36,0
182.019,t1_resnet18,10826.983,257.193,35,0
182.264,t1_resnet18,10835.455,244.444,34,0
182.451,t1_resnet18,10919.881,187.770,36,0
182.638,t1_resnet18,10711.144,186.835,35,0
182.828,t1_resnet18,10200.027,190.140,36,0
183.017,t1_resnet18,9686.305,188.467,35,0
183.203,t1_resnet18,9624.657,185.861,34,0
183.390,t1_resnet18,9690.308,186.936,34,0
183.576,t1_resnet18,9349.424,186.649,33,0
183.765,t1_resnet18,9315.269,188.053,34,0
183.954,t1_resnet18,9282.515,189.704,33,0
184.141,t1_resnet18,9097.325,186.711,34,0
184.329,t1_resnet18,9118.660,188.291,36,0
184.514,t1_resnet18,9263.455,184.597,36,0
184.692,t1_resnet18,8447.956,177.872,35,0
184.821,t1_resnet18,8267.501,129.415,34,0
184.951,t1_resnet18,8178.175,129.383,33,0
185.080,t1_resnet18,7552.068,129.175,32,0
